manufacturer_id,manufacturer_name
1,"Carney, Allen and Thomas"
2,Brown-Fox
3,"Gentry, Lloyd and Collins"
4,"Lutz, Cox and Taylor"
5,"Harris, Campbell and Sherman"
6,Moore-Lawrence
7,Horn-Brown
8,"Benitez, Garcia and Edwards"
9,"Hernandez, Hughes and Holloway"
10,"Taylor, Patel and Howell"
11,"Campbell, Olson and Kennedy"
12,Vega PLC
13,Martin Group
14,Clark PLC
15,Ellison-Robinson
16,Webb LLC
17,Johnson Group
18,"Anderson, Gonzalez and Jones"
19,Day-Reyes
20,"Rogers, Martin and Valdez"
21,Cabrera Inc
22,"Pittman, Hall and Strong"
23,"Ward, Parker and Patterson"
24,Rodriguez Ltd
25,Reid-Edwards
26,Callahan-Price
27,Wilson-Cameron
28,Gibson PLC
29,"Paul, Orozco and Farmer"
30,Kelley-Rogers
31,Carpenter LLC
32,Key and Sons
33,"Johnson, Francis and Donovan"
34,Walsh LLC
35,"Robinson, Jackson and Ward"
36,"Fry, Stevens and Duncan"
37,"Singh, Cummings and Parker"
38,Wise-Foster
39,"Gonzalez, Lawrence and Silva"
40,Gonzales-Greer
41,Powell and Sons
42,"Bell, Harris and Turner"
43,"Levine, Miller and Keller"
44,Taylor Group
45,Rhodes Ltd
46,"Mercado, Stephenson and Rodriguez"
47,Diaz-Ward
48,Morgan PLC
49,"Franklin, Campbell and Jones"
50,"Wheeler, Lloyd and Evans"
51,Daniels-Green
52,Edwards-Fox
53,Graham-Ramirez
54,Orozco and Sons
55,Green-Sanders
56,Mitchell LLC
57,"Fisher, Aguilar and Cook"
58,Ortiz Group
59,Lopez-Sanchez
60,Robinson Ltd
61,Velasquez-Harper
62,Larson Ltd
63,Reyes Ltd
64,"Bennett, Cain and Burgess"
65,Sharp-Schwartz
66,Luna Ltd
67,"Smith, Garcia and Williams"
68,"Hansen, Walker and Suarez"
69,"Wallace, Best and Bradley"
70,Webster-Butler
71,"Hudson, Reyes and Jones"
72,Lamb-Miller
73,Clark-Robinson
74,Duffy-Hancock
75,"Peterson, Woods and Mitchell"
76,Watson-Cross
77,Sanders-Chen
78,Porter-Scott
79,Ramsey Group
80,Fernandez LLC
81,Ross-Lee
82,Galloway-Haney
83,"Thompson, Mercer and Barber"
84,King-Smith
85,Reed LLC
86,Brewer-Wood
87,Massey PLC
88,Macias and Sons
89,"Roman, Bryant and Davis"
90,"Moore, Richardson and Brown"
91,"Phillips, Mack and Nguyen"
92,Berry PLC
93,Combs PLC
94,Murphy-Garcia
95,"Mccormick, Davis and Turner"
96,Fuller-Nichols
97,"Ortiz, Lynch and Daniel"
98,"Powell, Parker and Sanchez"
99,"Morgan, Ross and Conley"
100,"Phelps, Lucas and Friedman"
101,Zavala LLC
102,"Miles, Hansen and Cox"
103,Ramos-Barton
104,Costa PLC
105,"Torres, Parker and Rodriguez"
106,Owens-Goodwin
107,"Avila, Erickson and Gibson"
108,Smith-Schultz
109,"Alexander, Gonzalez and Carter"
110,Ware-Park
111,Gonzales-Todd
112,"Black, Nguyen and Bonilla"
113,"Holden, West and Sparks"
114,"Stephenson, Good and Howell"
115,"Cook, Jimenez and Murray"
116,"Gonzalez, Hart and Norman"
117,Long-Logan
118,"Warner, Benton and Smith"
119,"Hernandez, Jenkins and Evans"
120,"Hurst, Novak and Lee"
121,Hancock-Mann
122,"Stephens, Todd and Hayes"
123,Gutierrez-Nguyen
124,Lewis Group
125,"Evans, Mitchell and Gonzales"
126,Nguyen-Oconnell
127,Palmer-Norris
128,"Hill, Martinez and Ford"
129,"Suarez, Kelley and Lopez"
130,"Rodriguez, Jones and Lee"
131,Soto Inc
132,Pacheco-Carter
133,Foster-Perez
134,Brown-Brown
135,"Davis, Velasquez and Hess"
136,Pena-Sanders
137,"Bishop, Lawson and Vargas"
138,Allen-Hodges
139,Howard-Graham
140,Ochoa Inc
141,Leonard-Poole
142,"Chavez, Stewart and Hill"
143,"Lane, Palmer and Rojas"
144,Butler-Castillo
145,"Rodgers, Sanchez and Perez"
146,Hunt-Mitchell
147,Lawson-Gutierrez
148,Mcintosh-Gibson
149,Moss-Aguirre
150,"Jenkins, Bartlett and Bishop"
151,Grant and Sons
152,Quinn LLC
153,"Davis, Lynn and Stone"
154,"Brown, Welch and Pitts"
155,Maldonado and Sons
156,Smith-Nunez
157,Johnson-Baldwin
158,Sanders Group
159,Strickland-Finley
160,Brown Ltd
161,Thomas Ltd
162,Rice-Ray
163,Frazier Group
164,Jones LLC
165,Miller-Jones
166,Lopez and Sons
167,"Johnson, Wiley and Santos"
168,Wiley-Reese
169,Torres LLC
170,Harrison-Howell
171,"Lawson, Vance and Foley"
172,Diaz LLC
173,"Johnson, Curtis and Martinez"
174,Owens Ltd
175,Harmon Inc
176,Robinson PLC
177,Tate Inc
178,"Moore, Riddle and Matthews"
179,"Mcpherson, Howard and Clark"
180,Huynh Ltd
181,Oliver Group
182,Jones-Fleming
183,Ball and Sons
184,Price PLC
185,Shepherd Inc
186,"Lowe, Reyes and Perez"
187,Padilla Ltd
188,Bush and Sons
189,Lopez-Newman
190,Wright Ltd
191,Moore Inc
192,Walters-Garcia
193,Hill-Jones
194,Knight-Watts
195,Kelly-Chapman
196,Martin Group
197,Benjamin Ltd
198,Sanchez-Hall
199,"Maldonado, Greer and Lee"
200,"Davis, Moore and Johnson"
