category_id,category_name
1,try
2,thousand
3,information
4,something
5,specific
6,our
7,thing
8,effect
9,travel
10,send
11,any
12,usually
13,range
14,fire
15,standard
16,very
17,seven
18,include
19,partner
20,usually
21,data
22,early
23,media
24,rather
25,network
26,friend
27,executive
28,anyone
29,security
30,response
31,consumer
32,several
33,future
34,until
35,here
36,street
37,TV
38,avoid
39,hundred
40,must
41,act
42,industry
43,right
44,appear
45,thing
46,movement
47,should
48,series
49,cut
50,family
51,mother
52,base
53,four
54,education
55,produce
56,get
57,pick
58,side
59,big
60,see
61,marriage
62,safe
63,along
64,particularly
65,point
66,model
67,space
68,tend
69,American
70,Congress
71,field
72,main
73,hear
74,sing
75,really
76,capital
77,bring
78,treatment
79,door
80,chair
81,space
82,window
83,expect
84,walk
85,me
86,remember
87,suggest
88,its
89,street
90,compare
91,behavior
92,region
93,while
94,study
95,local
96,occur
97,five
98,exist
99,worry
100,deep
101,hit
102,character
103,good
104,know
105,remain
106,four
107,traditional
108,leg
109,go
110,successful
111,soldier
112,region
113,morning
114,year
115,present
116,region
117,voice
118,light
119,true
120,subject
121,sister
122,where
123,degree
124,cultural
125,real
126,win
127,fly
128,PM
129,born
130,himself
131,cover
132,political
133,create
134,environment
135,modern
136,whose
137,tree
138,picture
139,moment
140,phone
141,set
142,indeed
143,too
144,write
145,sound
146,stop
147,same
148,most
149,safe
150,offer
151,stop
152,structure
153,less
154,short
155,poor
156,line
157,however
158,appear
159,risk
160,foreign
161,computer
162,least
163,live
164,scene
165,author
166,tell
167,billion
168,year
169,party
170,world
171,dream
172,ready
173,research
174,recent
175,thing
176,onto
177,feel
178,trade
179,read
180,economic
181,collection
182,lawyer
183,real
184,poor
185,common
186,any
187,kid
188,reflect
189,general
190,type
191,call
192,blood
193,spring
194,wear
195,husband
196,want
197,itself
198,prepare
199,hold
200,student
