seller_id,seller_email,seller_name,seller_phone
1,amy07@example.org,Jeremiah Chang,9016682862
2,heather10@example.org,Rebecca Cox,(459)078-0334
3,robertgibson@example.com,Judy Mccoy,9919008394
4,riggsashley@example.org,Aaron Park,+1-459-638-0588
5,brianhall@example.com,Ana Harris,4811331486
6,gregoryvega@example.org,Steven Ramos,863.366.0436
7,richardferrell@example.net,Kathryn Delacruz,4757858205
8,arobinson@example.org,Jennifer Hurley,9290790639
9,sarah97@example.com,Daniel Smith,(894)915-7956
10,joel02@example.com,Christine Bell,(671)879-8791
11,lwilliams@example.org,Mr. Lawrence Garcia Jr.,+1-280-262-2113
12,brandonmerritt@example.org,Erik Sullivan,4469684845
13,dawsonanthony@example.org,Tracey Williams,(794)843-4836
14,cmartinez@example.org,Tony Thompson,(006)679-6779
15,donald49@example.org,James Lee,865.018.1583
16,jsmith@example.org,Nancy Olson,203.858.4438
17,lisa43@example.net,Danielle Martinez,(949)038-7995
18,lawsonmichael@example.net,Edward Gutierrez,(760)667-0722
19,john77@example.org,Joshua Mayo,+1-134-758-9160
20,robert72@example.com,Richard Vincent,284.737.4126
21,stevensonjohn@example.net,Willie Grimes,1168105531
22,kevinvasquez@example.com,Hannah Bowers,(048)866-3785
23,llopez@example.org,Melissa Howard,9771470437
24,rhenry@example.net,Luis Mccann,(550)838-5415
25,lori24@example.org,Angela Skinner,(674)308-8048
26,herbert79@example.net,Zachary Hebert,+1-527-074-3370
27,fblack@example.com,Morgan Franklin,(601)944-8732
28,levyelizabeth@example.org,Gabriela Robertson,(140)522-1363
29,campbellnicole@example.net,Sara Crawford,(272)818-6984
30,adamsrobert@example.net,Sarah Macdonald,(303)051-1165
31,vazquezgregory@example.org,Danielle Woodard,674.346.0120
32,ucruz@example.com,Mario Riley MD,759-148-4512
33,kevinchapman@example.com,Stephanie Coffey,+1-383-086-1133
34,molly54@example.org,Christopher Holloway,190.159.2737
35,hsullivan@example.com,Laura Edwards,495.371.1357
36,lguzman@example.net,Robert Diaz,752-356-1827
37,kristopher91@example.com,Chelsea Collins,+1-038-564-8503
38,rebeccarussell@example.com,Bobby Chang,249-789-7718
39,avilasteve@example.com,Susan Lowery,650.742.2054
40,wwright@example.net,Robert Cole,469.714.9880
41,burnspaul@example.net,Larry Brown,048-252-2748
42,ajenkins@example.com,Geoffrey Little,726-431-5595
43,dmartinez@example.com,Karen Waters,354.625.6897
44,jessica82@example.org,Michelle Jones,+1-222-598-1870
45,jon14@example.net,Nancy Garrett,1699820723
46,karina17@example.org,Jeremy Allen,6884693387
47,dgray@example.com,George Barnes,451-470-7106
48,roger75@example.org,Samuel Wilson,3451960188
49,tiffanyshort@example.com,Heather Hines,696-973-9698
50,david47@example.org,Steven Andrews,271.507.1311
51,nmcneil@example.org,Yolanda Davis,(285)737-8027
52,pramirez@example.org,Gregory Flowers,+1-635-365-0790
53,melissascott@example.com,Jeffrey Sanchez,+1-582-142-8211
54,justin65@example.com,Sheila Becker,+1-057-669-2088
55,sheila18@example.net,Tracy Pitts,3456887273
56,nicholas22@example.com,Richard Young,+1-394-645-2706
57,wgonzalez@example.org,John Tate,770-165-6945
58,nsmith@example.com,Amy Miller,966-910-3029
59,xgeorge@example.net,Hunter Morales,933-579-2565
60,cindygarrison@example.net,Crystal Chapman,433-878-3976
61,sampsonalejandro@example.com,Bridget Figueroa,(458)388-5483
62,wrightanthony@example.org,Carl Murray,(457)351-5545
63,randallmiller@example.net,Diane Bass,924.016.7677
64,millerphillip@example.net,Melissa Powell DDS,915.778.5065
65,jennifernichols@example.org,Melissa Bridges,7119529123
66,kenneth61@example.com,Deanna Grant,(149)311-6791
67,pcabrera@example.com,Juan Robbins,3934933325
68,nunezrachel@example.org,Chloe Lee,(378)492-1665
69,csnyder@example.org,Lori Villa,215-680-4783
70,lhudson@example.org,Mr. Thomas Bryant,741-038-0512
71,millergregory@example.org,Jeremy Hodge,7419035802
72,rstanley@example.org,Melissa Duarte MD,(953)858-7027
73,charleslara@example.org,Natalie Payne,+1-989-750-6091
74,devin77@example.com,Jonathan Cruz,686-735-4977
75,gjohnston@example.com,Nicole Davis,5590283922
76,ohooper@example.com,Lauren Jones,(829)738-7481
77,leedawn@example.com,Patricia Johnson,8591533962
78,nashkristine@example.net,Elizabeth Carey,117.726.6300
79,anielsen@example.org,Diana Watson,(780)664-8237
80,lawrence75@example.com,Mary Wagner,638.308.8682
81,chris61@example.net,Ashley Clark,585-780-1772
82,kwood@example.org,Chad Lucas,4896728556
83,kristinjohnson@example.net,Stacy Spears,8634475221
84,duransergio@example.com,David Vazquez,5449092451
85,cynthiataylor@example.org,Brittany Willis,913.510.6623
86,morrisherbert@example.net,Matthew Dougherty,2313861141
87,shawn88@example.org,Angela Lester,(049)056-3682
88,mbryant@example.org,Evelyn Oliver,438-369-7120
89,sonia55@example.net,Caitlyn Frye,(040)850-9237
90,harrisonrandy@example.net,Anthony Long,587.415.0989
91,sfarmer@example.net,Antonio Lutz,+1-884-935-5347
92,wagnertara@example.net,Peggy Williams,+1-916-972-9308
93,joyceryan@example.net,Joshua Richard,002-000-3433
94,josephdavis@example.net,Aaron Baker,774.092.1023
95,tclements@example.net,Charles Smith,634.555.6922
96,nashjoseph@example.org,Kevin Larson,(802)513-5961
97,alimelissa@example.org,Samantha Nelson,439.766.2731
98,tinaparker@example.org,Michael Smith,7237704996
99,michael16@example.org,Gary Hunter,9240669072
100,valeriegardner@example.org,Alexander Powell,2197166917
101,elizabethwatson@example.net,Samantha Colon,627-826-0421
102,wjohnson@example.com,Brittany Holt,(648)954-8452
103,amcfarland@example.com,Regina Alvarez,+1-588-336-2388
104,conraddillon@example.org,Joseph Underwood,4483670043
105,weeksjose@example.net,Amy Diaz,(984)462-6284
106,lorilopez@example.com,Heather Graves,(233)934-4099
107,fthomas@example.com,Jamie Gray,+1-833-984-4486
108,munozkiara@example.com,Donald Henderson,(939)819-8352
109,greendonald@example.net,Erica Martin,749.923.4077
110,laura84@example.org,Barbara Moore,909-415-2551
111,samuelfisher@example.org,Emily Higgins,522-358-9699
112,rosedavid@example.com,Michelle Terrell,2044231076
113,ewashington@example.net,Felicia Anderson,+1-090-395-5863
114,kaylaross@example.org,Rachel Moreno,088.654.1770
115,larry54@example.org,Claudia Cummings,447-555-4675
116,robertandrews@example.com,Ruth Chavez,921.739.8137
117,awilson@example.net,William Kennedy,245-067-3146
118,tracey18@example.org,David Benson,985-152-3241
119,scott03@example.com,Ronald Mckee,664.647.6365
120,anna41@example.org,Danielle Little,2718818549
121,johnwilson@example.net,Greg Sexton,840.996.7272
122,davidbarron@example.com,Diamond Davis,992.375.0086
123,sampsonsherri@example.net,Jessica Marsh,0553644714
124,dunnbrandy@example.org,Walter Lopez,364.953.1193
125,lcastillo@example.com,Douglas Mathis,096-949-8480
126,thompsonjohn@example.org,Billy Smith,(034)102-9761
127,ryanburton@example.org,Stephanie Young,+1-622-382-0959
128,barrerajohn@example.com,Jennifer Santos,(437)071-9847
129,williamsjonathan@example.com,Paul Contreras,+1-449-399-2144
130,sarahfrye@example.net,Jorge Maxwell,9781497909
131,melissa88@example.com,Angel Robinson,372-500-8390
132,travis85@example.com,Jeffrey Gonzales,807-524-0447
133,ramirezryan@example.net,Gerald Sanford,4473725848
134,gsilva@example.com,Christopher Johnson,(888)848-2065
135,laurensmith@example.net,Mark Copeland,(181)896-3099
136,brenthunter@example.org,Alisha Gonzalez,832.490.4909
137,henry86@example.org,Jerry Reese,(839)116-8007
138,lwilliams@example.net,Jason Baker,754-192-8365
139,jeffrey44@example.com,Amanda Wilson,(328)361-6040
140,denise22@example.org,Jessica Garcia,934.734.3300
141,walkerwendy@example.com,Elizabeth Irwin,395-447-1325
142,ocaldwell@example.net,Daniel Johnson,215.235.8109
143,emilyholder@example.com,Jessica Chavez,(868)495-2407
144,mmcgee@example.com,Lauren Johnson,(447)197-6971
145,feliciabailey@example.org,Theresa Decker,853-787-0536
146,ajohnson@example.com,Veronica King,987-539-1812
147,qbradley@example.org,Alex Gomez,8968744253
148,jdickerson@example.com,Lisa Mcdowell,976-271-0493
149,cheyenne40@example.net,Gregory Hansen,3469490715
150,heather95@example.org,Aimee Fox,(214)945-3457
151,emcdaniel@example.com,John Smith,156-828-7911
152,hsanders@example.com,Jacqueline Robinson,5657116324
153,browndarren@example.com,Tina Barrett,(716)158-2995
154,lori09@example.com,Michael Austin,+1-552-709-9012
155,smartinez@example.org,Rebecca Olsen,6354347205
156,jeffevans@example.com,Courtney Greene,+1-029-541-0412
157,ethan79@example.org,Kurt Nichols,986-393-9554
158,hatfieldkaren@example.com,Ryan Wright,(945)460-7977
159,phobbs@example.com,Ashley Clark,5025608053
160,hayneskeith@example.net,Russell Davis,017-638-7273
161,sheenalevine@example.org,Jeff Singh,004-650-1876
162,butlermary@example.org,Samantha Cain,+1-150-064-4482
163,katelyn48@example.com,Steven Davidson,171.040.0918
164,bbauer@example.net,Lauren Curtis,290.175.4492
165,vpittman@example.org,Gregory Waller,(690)984-2732
166,youngnicole@example.org,Jeremiah Wright,744.241.9359
167,catherine52@example.net,Debbie Smith,542-891-8234
168,carolford@example.org,Paula Taylor,+1-820-121-7103
169,russellsteven@example.org,Brittany Mccormick,(045)643-3156
170,cthomas@example.net,Ann Williams,4680010572
171,brittanysanders@example.net,Tracey Lambert,525.038.2319
172,teresa87@example.net,Lisa Smith,+1-903-764-6171
173,craigcoleman@example.com,Jason Silva,(969)302-7792
174,campbellscott@example.net,Carrie Fuller,+1-411-641-5414
175,juanchambers@example.net,Allen Diaz,1219209867
176,samantha23@example.com,Jeffrey Garza,(827)025-3909
177,mbaldwin@example.org,Christine Small,028.357.7733
178,hectorcurtis@example.org,Anthony Williams,882.845.1666
179,michael32@example.org,Ryan Glass,(990)889-4545
180,vjackson@example.org,Jack Campbell DDS,828-192-0722
181,courtneyriggs@example.net,John Walsh,815-833-5759
182,johnsonbarry@example.net,Rebecca Hunter,310.233.4368
183,karen92@example.net,Mr. Juan Sanford,+1-570-414-4708
184,jordan99@example.net,Johnny Martinez,237.423.8742
185,alejandrabowen@example.net,Tina Escobar,+1-063-373-8455
186,harry39@example.net,Joshua Castillo,3377521152
187,melissa20@example.org,Amber Simmons,+1-231-082-0901
188,hwhite@example.com,Kelly Ramirez,(159)625-9919
189,daniel66@example.com,Joseph Jackson,6771016627
190,teresa44@example.net,Richard Cabrera,238-500-2612
191,erinwoods@example.org,Janet Davis,+1-433-522-7564
192,ldiaz@example.com,Robert Gregory,857.967.5779
193,vlivingston@example.org,Courtney Phillips,0283615465
194,kevin00@example.net,Leroy Mueller,801-633-4873
195,smithrobert@example.org,Chad Jacobs,8897528994
196,xwatkins@example.org,Caitlin Morris,845-614-0283
197,kayla40@example.net,Jacqueline Jenkins,+1-085-975-8006
198,stevenbaker@example.com,Paul Newman DVM,+1-019-276-0096
199,kathleensingh@example.org,James Mills MD,911.316.1988
200,kedwards@example.com,Steven Meza,8985463864
